"","formula","treatment.var","conditional.estimate","conditional.se","conditional.pval","conditional.se.robust","conditional.pval.robust","marginal.estimate","parametric.se","parametric.pval","parametric.tail.pval","nonparametric.se","nonparametric.pval","nonparametric.tail.pval","delta.se","delta.pval"
"1","Y ~ trt","1",0.0799999999999999,0.0435966971226032,0.066505482888796,0.0435966971226032,0.0665054828887959,0.0799999999999914,0.0435091370446569,0.0659601699890824,0.0620000000000001,0.0433833865692076,0.0651796628677013,0.0660000000000001,0.0435966955838531,0.0665054732924714
"2","Y ~ trt + X1","1",0.0804416712575084,0.0435451515540525,0.0647013019281408,0.043552010587054,0.0647434541897863,0.0809290211903859,0.0427008575040071,0.0580586035022322,0.0564,0.0433624455769489,0.0619939584945609,0.0611999999999999,0.043549566894808,0.0631236177855707
"3","Y ~ trt + X1 + X3","1",NA,NA,0.0570662965295118,NA,0.0578881631541924,0.0754265256764917,0.0401031171949983,0.0599971523935783,0.0648,0.039601083517944,0.0568245249962524,0.0584,0.0394353661112246,0.0557913386529673
"4","Y ~ trt + X1 + X3 + X8","1",NA,NA,0.0697346854127902,NA,0.0707697954522411,0.071891977603937,0.0391153833930765,0.0660703057439842,0.0775999999999999,0.0399542897808734,0.0719624381566631,0.0704,0.0394806169788561,0.068615427595409
